tahun,blok,tahun_tanam,luas_ha,sph,umur_tanaman,produksi_kg,janjang,yield_ton_ha,bjr
2022,L. 10,2005,0.83,118.0722891566265,17,20350,976,24.518072289156624,20.850409836065573
2022,M. 10,2005,10.08,115.07936507936508,17,295570,14301,29.322420634920636,20.667785469547585
2022,M. 12,1997,12.81,128.10304449648712,25,351030,15361,27.402810304449645,22.85202786276935
2022,M. 14,1997,2.22,125.2252252252252,25,80840,3327,36.41441441441441,24.298166516381123
2022,M. 16,2005,0.86,129.06976744186048,17,26830,1188,31.197674418604652,22.584175084175083
2022,N. 10,2005,10.83,119.1135734072022,17,251450,12356,23.21791320406279,20.350437034639043
2022,N. 12,1998,16.18,137.7008652657602,24,438130,19075,27.07849196538937,22.96880733944954
2022,N. 14,1998,19.36,126.13636363636364,24,513000,20832,26.497933884297524,24.62557603686636
2022,N. 16,1997,20.6,127.57281553398057,25,653560,26229,31.726213592233005,24.917457775744406
2022,N. 18,1997,17.48,131.75057208237985,25,556420,22357,31.831807780320364,24.887954555620162
2022,N. 20,1998,11.54,125.47660311958407,24,349160,13979,30.256499133448877,24.97746619929895
2022,N. 22,1998,8.82,130.72562358276645,24,240760,9740,27.29705215419501,24.718685831622178
2022,N. 24,1998,3.23,124.76780185758514,24,89990,3709,27.860681114551085,24.262604475599893
2022,O. 12,1997,15.47,106.01163542340014,25,409190,16803,26.45054945054945,24.352199012081176
2022,O. 14,1998,16.28,121.56019656019653,24,430890,17561,26.467444717444717,24.536757587836682
2022,O. 16,1997,20.24,124.50592885375495,25,538590,21637,26.61017786561265,24.89208300596201
2022,O. 18,1997,19.05,130.81364829396324,25,566870,22666,29.756955380577427,25.009706167828465
2022,O. 20,1997,16.49,131.65554881746513,25,487340,19147,29.55366889023651,25.4525513135217
2022,O. 22,1998,18.24,135.0328947368421,24,533590,20773,29.253837719298247,25.686708708419584
2022,O. 24,1998,16.23,138.50893407270488,24,488740,20314,30.11337030191004,24.059269469331497
2022,P. 12,2005,9.39,97.23109691160808,17,195550,9089,20.82534611288605,21.5150181538123
2022,P. 14,1997,14.28,123.38935574229693,25,372190,15676,26.06372549019608,23.742663944883898
2022,P. 16,1997,19.53,124.06554019457245,25,601500,23858,30.798771121351766,25.21166904183083
2022,P. 18,1997,19.88,124.39637826961773,25,575710,23265,28.959255533199197,24.74575542660649
2022,P. 20,1997,19.9,124.87437185929649,25,636660,25730,31.992964824120605,24.743878740769528
2022,P. 22,1998,19.74,126.1904761904762,24,587470,23695,29.76038500506586,24.792994302595485
2022,P. 24,1998,22.16,122.0667870036101,24,684420,28799,30.88537906137184,23.765408521129206
2022,P. 26,2005,4.76,107.77310924369749,17,114360,5476,24.025210084033617,20.883856829802777
2022,Q. 10,2005,5.16,101.74418604651163,17,120190,5673,23.29263565891473,21.186321170456548
2022,Q. 12,2005,11.020000000000001,129.76406533575317,17,295590,13691,26.82304900181488,21.590095683295594
2022,Q. 14,1997,18.91,129.40243257535695,25,555520,23458,29.377049180327866,23.681473271378636
2022,Q. 16,1997,16.41,123.64411943936624,25,459820,18329,28.020719073735528,25.08702056849801
2022,Q. 18,1997,18.7,122.40641711229948,25,539270,21765,28.837967914438504,24.776935446818285
2022,Q. 20,1997,17.15,125.42274052478133,25,512570,20707,29.887463556851316,24.753465011831747
2022,Q. 22,1997,16.6,128.55421686746988,25,499370,20143,30.082530120481927,24.7912426153006
2022,Q. 24,1998,13.089999999999998,116.11917494270436,24,416150,17765,31.79144385026738,23.42527441598649
2022,Q. 26,2005,4.38,106.16438356164385,17,106770,5115,24.376712328767123,20.873900293255133
2023,L. 10,2005,0.83,118.0722891566265,18,19180,898,23.108433734939762,21.35857461024499
2023,M. 10,2005,10.08,115.07936507936508,18,253770,12369,25.175595238095237,20.516614115935
2023,M. 12,1997,12.81,128.10304449648712,26,333640,14270,26.04527712724434,23.38051857042747
2023,M. 14,1997,2.22,125.2252252252252,26,78230,3134,35.23873873873873,24.9617102744097
2023,M. 16,2005,0.86,127.90697674418605,18,22120,974,25.720930232558143,22.71047227926078
2023,N. 10,2005,10.83,119.1135734072022,18,221980,11064,20.496768236380426,20.063268257411423
2023,N. 12,1998,16.18,137.7008652657602,25,407860,17483,25.20766378244747,23.32894812103186
2023,N. 14,1998,19.36,126.13636363636364,25,521980,20637,26.961776859504134,25.293405049183505
2023,N. 16,1997,20.6,127.57281553398057,26,620180,24694,30.105825242718446,25.114602737507088
2023,N. 18,1997,17.48,131.75057208237985,26,503820,20009,28.82265446224256,25.179669148883004
2023,N. 20,1998,11.54,125.47660311958407,25,330560,13155,28.644714038128253,25.12808817939947
2023,N. 22,1998,8.82,130.6122448979592,25,228920,9162,25.954648526077097,24.985810958306047
2023,N. 24,1998,3.23,124.45820433436533,25,90350,3638,27.972136222910216,24.83507421660253
2023,O. 12,1997,15.47,106.01163542340014,26,384620,15758,24.862314156431804,24.407919786774972
2023,O. 14,1998,16.28,121.37592137592135,25,426740,16965,26.21253071253071,25.15414087827881
2023,O. 16,1997,20.24,124.45652173913045,26,514630,20554,25.426383399209488,25.03794881774837
2023,O. 18,1997,19.05,130.70866141732282,26,544600,21622,28.58792650918635,25.187309222088615
2023,O. 20,1997,16.49,131.65554881746513,26,458690,18169,27.816252274105523,25.245748252518027
2023,O. 22,1998,18.24,134.9780701754386,25,498780,19660,27.345394736842106,25.37029501525941
2023,O. 24,1998,16.23,138.44731977818853,25,452670,18722,27.890942698706098,24.178506569810917
2023,P. 12,2005,9.39,97.12460063897761,18,187220,8563,19.938232161874332,21.86383276888941
2023,P. 14,1997,14.28,123.38935574229693,26,364660,15477,25.536414565826334,23.56141371066744
2023,P. 16,1997,19.53,124.06554019457245,26,555220,21793,28.429083461341524,25.47698802367733
2023,P. 18,1997,19.88,124.39637826961773,26,573280,22876,28.837022132796783,25.060325231683862
2023,P. 20,1997,19.9,124.87437185929649,26,582440,23343,29.268341708542714,24.951377286552713
2023,P. 22,1998,19.74,126.13981762917935,25,561540,22377,28.446808510638302,25.094516691245474
2023,P. 24,1998,22.16,122.02166064981948,25,584640,24594,26.382671480144403,23.771651622346916
2023,P. 26,2005,4.76,107.77310924369749,18,97010,4848,20.380252100840337,20.010313531353134
2023,Q. 10,2005,5.16,101.74418604651163,18,108830,5206,21.09108527131783,20.90472531694199
2023,Q. 12,2005,11.020000000000001,129.67332123411978,18,281750,12918,25.567150635208712,21.81065180368478
2023,Q. 14,1997,18.91,129.34955050237969,26,506540,21355,26.786885245901637,23.719971903535473
2023,Q. 16,1997,16.41,123.58318098720292,26,440670,17446,26.853747714808044,25.259085177117964
2023,Q. 18,1997,18.7,122.24598930481284,26,521560,20786,27.89090909090909,25.091888771288367
2023,Q. 20,1997,17.15,125.42274052478133,26,467260,18659,27.245481049562684,25.042070850527896
2023,Q. 22,1997,16.6,128.49397590361446,26,475910,19034,28.669277108433732,25.00315225386151
2023,Q. 24,1998,13.089999999999998,115.96638655462185,25,360530,15299,27.542398777692895,23.565592522387085
2023,Q. 26,2005,4.38,106.16438356164385,18,92240,4661,21.05936073059361,19.78974468998069
2024,L. 10,2005,0.83,118.0722891566265,19,16110,761,19.40963855421687,21.169513797634693
2024,M. 10,2005,10.08,115.07109788359787,19,257360,12480,25.53174603174603,20.621794871794872
2024,M. 12,1997,12.81,128.10304449648712,27,289730,12559,22.617486338797814,23.069511903813996
2024,M. 14,1997,2.22,125.18768768768768,27,79730,3268,35.91441441441441,24.39718482252142
2024,M. 16,2005,0.86,127.90697674418605,19,19330,868,22.47674418604651,22.26958525345622
2024,N. 10,2005,10.83,119.1135734072022,19,211950,10407,19.570637119113574,20.36609974055924
2024,N. 12,1998,16.18,137.7008652657602,26,376740,16268,23.284301606922128,23.158347676419965
2024,N. 14,1998,19.36,126.13205922865014,26,482520,20011,24.923553719008265,24.11273799410324
2024,N. 16,1997,20.6,127.56472491909385,27,569160,23269,27.62912621359223,24.460011173664533
2024,N. 18,1997,17.48,131.75057208237985,27,448830,18290,25.676773455377575,24.539639147074904
2024,N. 20,1998,11.54,125.47660311958407,26,296950,12123,25.732235701906415,24.494762022601666
2024,N. 22,1998,8.82,130.6122448979592,26,208020,8465,23.58503401360544,24.57412876550502
2024,N. 24,1998,3.23,124.45820433436533,26,88690,3694,27.458204334365323,24.009204114780726
2024,O. 12,1997,15.47,106.01163542340014,27,338520,14147,21.882352941176467,23.928748144482928
2024,O. 14,1998,16.28,121.37592137592135,26,396370,16382,24.347051597051596,24.19545842998413
2024,O. 16,1997,20.24,124.45652173913045,27,480250,19616,23.727766798418976,24.482565252854812
2024,O. 18,1997,19.05,130.70428696412947,27,496130,20143,26.043569553805774,24.63039269225041
2024,O. 20,1997,16.49,131.65554881746513,27,437040,17571,26.503335354760463,24.872801775653066
2024,O. 22,1998,18.24,134.97350146198832,26,464580,18730,25.470394736842106,24.804057661505606
2024,O. 24,1998,16.23,138.4421852536455,26,428720,18108,26.41528034504005,23.675723437154847
2024,P. 12,2005,9.39,97.12460063897761,19,171920,7946,18.308839190628326,21.636043292222503
2024,P. 14,1997,14.28,123.38935574229693,27,322570,14188,22.588935574229694,22.735410205807725
2024,P. 16,1997,19.53,124.06554019457245,27,488170,19755,24.99590373783922,24.711212351303466
2024,P. 18,1997,19.88,124.39218645204562,27,523370,21491,26.326458752515094,24.35298497045275
2024,P. 20,1997,19.9,124.87018425460637,27,540780,22067,27.1748743718593,24.506276340236553
2024,P. 22,1998,19.74,126.13981762917935,26,527230,21526,26.70871327254306,24.4927064944718
2024,P. 24,1998,22.16,122.02166064981948,26,567900,24442,25.627256317689532,23.234596186891416
2024,P. 26,2005,4.76,107.77310924369749,19,103400,5131,21.722689075630253,20.152017150652895
2024,Q. 10,2005,5.16,101.74418604651163,19,97290,4701,18.8546511627907,20.695596681557117
2024,Q. 12,2005,11.020000000000001,129.65063520871144,19,267900,12583,24.310344827586206,21.290630215369944
2024,Q. 14,1997,18.91,129.34514366296492,27,464910,20452,24.58540454785828,22.731762174848427
2024,Q. 16,1997,16.41,123.57302457850903,27,387150,15828,23.59232175502742,24.459818043972707
2024,Q. 18,1997,18.7,122.23707664884137,27,479710,19621,25.65294117647059,24.448804851944345
2024,Q. 20,1997,17.15,125.42274052478133,27,442410,18080,25.79650145772595,24.4695796460177
2024,Q. 22,1997,16.6,128.49397590361446,27,431500,17555,25.99397590361446,24.57989176872686
2024,Q. 24,1998,13.089999999999998,115.96002037178509,26,351540,15181,26.855614973262032,23.156577300573083
2024,Q. 26,2005,4.38,106.16438356164385,19,100550,5008,22.956621004566212,20.077875399361023
2025,L. 10,2005,0.7666666666666666,109.44402610441767,20,15280,718,20.720256024096386,21.28133704735376
2025,M. 10,2005,9.59,117.41998967608724,20,237980,11373,25.083212349980645,20.92499780181131
2025,M. 12,1997,12.81,128.10304449648712,28,289590,12731,22.606557377049178,22.74683842588956
2025,M. 14,1997,2.22,124.77477477477477,28,67620,2790,30.459459459459456,24.236559139784948
2025,M. 16,2005,0.86,127.90697674418605,20,16730,744,19.453488372093023,22.486559139784948
2025,N. 10,2005,10.12,121.78452786533786,20,195150,9384,19.48383481389499,20.796035805626598
2025,N. 12,1998,16.18,137.7008652657602,27,358890,15906,22.18108776266996,22.563183704262542
2025,N. 14,1998,19.36,126.08471074380164,27,509080,21213,26.295454545454547,23.998491491066797
2025,N. 16,1997,20.6,127.47572815533981,28,585270,23741,28.411165048543687,24.65228928857251
2025,N. 18,1997,17.48,131.75057208237985,28,471540,19053,26.975972540045767,24.748858447488583
2025,N. 20,1998,11.54,125.47660311958407,27,305300,12224,26.455805892547662,24.975458115183248
2025,N. 22,1998,8.82,130.6122448979592,27,215430,8696,24.42517006802721,24.773459061637535
2025,N. 24,1998,3.23,124.45820433436533,27,80170,3315,24.820433436532507,24.184012066365007
2025,O. 12,1997,14.69,106.47031089663587,28,322930,13860,22.233175676972998,23.2994227994228
2025,O. 14,1998,16.28,121.37592137592135,27,387770,16041,23.818796068796065,24.173679945140577
2025,O. 16,1997,20.24,124.45652173913045,28,490690,19882,24.243577075098816,24.680112664721857
2025,O. 18,1997,19.05,130.65616797900262,28,528320,21261,27.73333333333333,24.8492545035511
2025,O. 20,1997,16.49,131.65554881746513,28,458640,18254,27.813220133414195,25.12545195573573
2025,O. 22,1998,18.24,134.9232456140351,27,472280,18818,25.892543859649127,25.09724731639919
2025,O. 24,1998,16.23,138.3857054836722,27,414600,17491,25.5452865064695,23.70361900405923
2025,P. 12,2005,8.966666666666667,97.83676167393254,20,171080,7806,19.091846477491515,21.916474506789648
2025,P. 14,1997,14.28,123.38935574229693,28,319770,13828,22.392857142857146,23.124819207405263
2025,P. 16,1997,19.53,124.06554019457245,28,493160,20126,25.251408090117767,24.50362714896154
2025,P. 18,1997,19.88,124.34607645875252,28,543300,22100,27.328973843058353,24.58371040723982
2025,P. 20,1997,19.9,124.82412060301509,28,553920,22540,27.835175879396985,24.574977817213842
2025,P. 22,1998,19.74,126.13981762917935,27,528040,21513,26.749746707193516,24.545158741226235
2025,P. 24,1998,22.16,122.02166064981948,27,548850,23709,24.76759927797834,23.14943692268759
2025,P. 26,2005,4.76,107.77310924369749,20,109770,5153,23.060924369747898,21.302154084999028
2025,Q. 10,2005,4.38,106.36373632415196,20,75480,3583,16.86318654131618,21.066145687970973
2025,Q. 12,2005,10.88,129.41204670753007,20,266050,12214,24.49461356709927,21.782380874406417
2025,Q. 14,1997,18.91,129.29666842940244,28,460080,19867,24.329984135378105,23.158000704686163
2025,Q. 16,1997,16.41,123.46130408287631,28,379550,15380,23.129189518586227,24.67815344603381
2025,Q. 18,1997,18.7,122.13903743315508,28,466490,18955,24.945989304812837,24.610393036138223
2025,Q. 20,1997,17.15,125.42274052478133,28,431760,17543,25.175510204081636,24.611525964772273
2025,Q. 22,1997,16.6,128.49397590361446,28,413650,16764,24.918674698795176,24.674898592221428
2025,Q. 24,1998,13.089999999999998,115.88999236058059,27,334660,14503,25.566080977845683,23.07522581534855
2025,Q. 26,2005,4.083333333333333,114.04273135246171,20,93680,4414,23.187783752665805,21.223380154055278
