,Yield (ton/ha/tahun),SPH (pokok/ha),Umur Tanaman (tahun)
n,148.0,148.0,148.0
Mean,25.946916856483263,123.24549641939228,24.256756756756758
Median,26.01877272871012,124.84715242881073,25.0
Modus,,107.77310924369749,25.0
Std. Deviasi,3.3846894226885773,9.18730472508035,3.4878245400339276
Varians,11.456122488059934,84.40656811148375,12.16492002206288
Min,16.86318654131618,97.12460063897761,17.0
Q1,24.188985327332517,121.37592137592135,24.0
Q3,27.868238108640586,128.68310451106754,27.0
Max,36.41441441441441,138.50893407270488,28.0
Range,19.55122787309823,41.384333433727264,11.0
IQR,3.679252781308069,7.30718313514619,3.0
Koef. Variasi (%),13.044669011774543,7.454475004763547,14.378775262535411
Skewness,0.08214134960500091,-1.0376858543975782,-0.977756754903927
Kurtosis,0.7054414315822135,0.8969340122639613,-0.4875520770587971
